,Song Name,Danceability,Energy,Key,Loudness,Mode,Speechiness,Acousticness,Instramentalness,Liveness,Valence,Tempo,Type,ID,URI,Track Href,Analysis URL,Duration (ms),Time Signature
0,Dance Monkey,0.824,0.588,6,-6.4,0,0.0924,0.692,0.000104,0.149,0.513,98.027,audio_features,2XU0oxnq2qxCpomAAuJY8K,spotify:track:2XU0oxnq2qxCpomAAuJY8K,https://api.spotify.com/v1/tracks/2XU0oxnq2qxCpomAAuJY8K,https://api.spotify.com/v1/audio-analysis/2XU0oxnq2qxCpomAAuJY8K,209438,4
1,The Box,0.896,0.586,10,-6.687,0,0.0559,0.104,0.0,0.79,0.642,116.971,audio_features,0nbXyq5TXYPCO7pr3N8S4I,spotify:track:0nbXyq5TXYPCO7pr3N8S4I,https://api.spotify.com/v1/tracks/0nbXyq5TXYPCO7pr3N8S4I,https://api.spotify.com/v1/audio-analysis/0nbXyq5TXYPCO7pr3N8S4I,196653,4
2,Life Is Good (feat. Drake),0.676,0.609,2,-5.831,0,0.481,0.0706,0.0,0.152,0.508,142.037,audio_features,5yY9lUy8nbvjM1Uyo1Uqoc,spotify:track:5yY9lUy8nbvjM1Uyo1Uqoc,https://api.spotify.com/v1/tracks/5yY9lUy8nbvjM1Uyo1Uqoc,https://api.spotify.com/v1/audio-analysis/5yY9lUy8nbvjM1Uyo1Uqoc,237735,4
3,Yummy,0.662,0.519,9,-6.554,0,0.106,0.404,0.0,0.121,0.495,145.841,audio_features,41L3O37CECZt3N7ziG2z7l,spotify:track:41L3O37CECZt3N7ziG2z7l,https://api.spotify.com/v1/tracks/41L3O37CECZt3N7ziG2z7l,https://api.spotify.com/v1/audio-analysis/41L3O37CECZt3N7ziG2z7l,210427,4
4,Tusa,0.803,0.715,2,-3.28,1,0.298,0.295,0.000134,0.0574,0.574,101.085,audio_features,7k4t7uLgtOxPwTpFmtJNTY,spotify:track:7k4t7uLgtOxPwTpFmtJNTY,https://api.spotify.com/v1/tracks/7k4t7uLgtOxPwTpFmtJNTY,https://api.spotify.com/v1/audio-analysis/7k4t7uLgtOxPwTpFmtJNTY,200960,4
5,ROXANNE,0.621,0.601,6,-5.616,0,0.148,0.0522,0.0,0.46,0.457,116.735,audio_features,696DnlkuDOXcMAnKlTgXXK,spotify:track:696DnlkuDOXcMAnKlTgXXK,https://api.spotify.com/v1/tracks/696DnlkuDOXcMAnKlTgXXK,https://api.spotify.com/v1/audio-analysis/696DnlkuDOXcMAnKlTgXXK,163636,5
6,Blinding Lights,0.513,0.796,1,-4.075,1,0.0629,0.00147,0.000209,0.0938,0.345,171.017,audio_features,0sf12qNH5qcw8qpgymFOqD,spotify:track:0sf12qNH5qcw8qpgymFOqD,https://api.spotify.com/v1/tracks/0sf12qNH5qcw8qpgymFOqD,https://api.spotify.com/v1/audio-analysis/0sf12qNH5qcw8qpgymFOqD,201573,4
7,Don't Start Now,0.794,0.793,11,-4.521,0,0.0842,0.0125,0.0,0.0952,0.677,123.941,audio_features,6WrI0LAC5M1Rw2MnX2ZvEg,spotify:track:6WrI0LAC5M1Rw2MnX2ZvEg,https://api.spotify.com/v1/tracks/6WrI0LAC5M1Rw2MnX2ZvEg,https://api.spotify.com/v1/audio-analysis/6WrI0LAC5M1Rw2MnX2ZvEg,183290,4
8,Falling,0.784,0.43,10,-8.756,0,0.0364,0.123,0.0,0.0887,0.236,127.087,audio_features,4TnjEaWOeW0eKTKIEvJyCa,spotify:track:4TnjEaWOeW0eKTKIEvJyCa,https://api.spotify.com/v1/tracks/4TnjEaWOeW0eKTKIEvJyCa,https://api.spotify.com/v1/audio-analysis/4TnjEaWOeW0eKTKIEvJyCa,159382,4
9,Memories,0.764,0.32,11,-7.209,1,0.0546,0.837,0.0,0.0822,0.575,91.019,audio_features,2b8fOow8UzyDFAE27YhOZM,spotify:track:2b8fOow8UzyDFAE27YhOZM,https://api.spotify.com/v1/tracks/2b8fOow8UzyDFAE27YhOZM,https://api.spotify.com/v1/audio-analysis/2b8fOow8UzyDFAE27YhOZM,189486,4
10,Circles,0.695,0.762,0,-3.497,1,0.0395,0.192,0.00244,0.0863,0.553,120.042,audio_features,21jGcNKet2qwijlDFuPiPb,spotify:track:21jGcNKet2qwijlDFuPiPb,https://api.spotify.com/v1/tracks/21jGcNKet2qwijlDFuPiPb,https://api.spotify.com/v1/audio-analysis/21jGcNKet2qwijlDFuPiPb,215280,4
11,everything i wanted,0.704,0.225,6,-14.454,0,0.0994,0.902,0.657,0.106,0.243,120.006,audio_features,3ZCTVFBt2Brf31RLEnCkWJ,spotify:track:3ZCTVFBt2Brf31RLEnCkWJ,https://api.spotify.com/v1/tracks/3ZCTVFBt2Brf31RLEnCkWJ,https://api.spotify.com/v1/audio-analysis/3ZCTVFBt2Brf31RLEnCkWJ,245426,4
12,Rare,0.838,0.545,5,-6.713,1,0.0706,0.208,8.01e-05,0.103,0.631,114.998,audio_features,7HMmFQsKsljwTw8bS7lu19,spotify:track:7HMmFQsKsljwTw8bS7lu19,https://api.spotify.com/v1/tracks/7HMmFQsKsljwTw8bS7lu19,https://api.spotify.com/v1/audio-analysis/7HMmFQsKsljwTw8bS7lu19,220590,4
13,Lose You To Love Me,0.488,0.343,4,-8.985,1,0.0436,0.556,0.0,0.21,0.0978,102.819,audio_features,4l0Mvzj72xxOpRrp6h8nHi,spotify:track:4l0Mvzj72xxOpRrp6h8nHi,https://api.spotify.com/v1/tracks/4l0Mvzj72xxOpRrp6h8nHi,https://api.spotify.com/v1/audio-analysis/4l0Mvzj72xxOpRrp6h8nHi,206459,4
14,RITMO (Bad Boys For Life),0.721,0.716,10,-7.037,0,0.0657,0.0334,0.00084,0.237,0.667,104.994,audio_features,6cy3ki60hLwimwIje7tALf,spotify:track:6cy3ki60hLwimwIje7tALf,https://api.spotify.com/v1/tracks/6cy3ki60hLwimwIje7tALf,https://api.spotify.com/v1/audio-analysis/6cy3ki60hLwimwIje7tALf,221714,4
15,Señorita,0.759,0.548,9,-6.049,0,0.029,0.0392,0.0,0.0828,0.749,116.967,audio_features,6v3KW9xbzN5yKLt9YKDYA2,spotify:track:6v3KW9xbzN5yKLt9YKDYA2,https://api.spotify.com/v1/tracks/6v3KW9xbzN5yKLt9YKDYA2,https://api.spotify.com/v1/audio-analysis/6v3KW9xbzN5yKLt9YKDYA2,190800,4
16,Someone You Loved,0.501,0.405,1,-5.679,1,0.0319,0.751,0.0,0.105,0.446,109.891,audio_features,7qEHsqek33rTcFNT9PFqLf,spotify:track:7qEHsqek33rTcFNT9PFqLf,https://api.spotify.com/v1/tracks/7qEHsqek33rTcFNT9PFqLf,https://api.spotify.com/v1/audio-analysis/7qEHsqek33rTcFNT9PFqLf,182161,4
17,Adore You,0.676,0.771,8,-3.675,1,0.0483,0.0237,7e-06,0.102,0.569,99.048,audio_features,3jjujdWJ72nww5eGnfs2E7,spotify:track:3jjujdWJ72nww5eGnfs2E7,https://api.spotify.com/v1/tracks/3jjujdWJ72nww5eGnfs2E7,https://api.spotify.com/v1/audio-analysis/3jjujdWJ72nww5eGnfs2E7,207133,4
18,My Oh My (feat. DaBaby),0.724,0.491,8,-6.024,1,0.0296,0.018,1.29e-05,0.0887,0.383,105.046,audio_features,3yOlyBJuViE2YSGn3nVE1K,spotify:track:3yOlyBJuViE2YSGn3nVE1K,https://api.spotify.com/v1/tracks/3yOlyBJuViE2YSGn3nVE1K,https://api.spotify.com/v1/audio-analysis/3yOlyBJuViE2YSGn3nVE1K,170746,4
19,bad guy,0.701,0.425,7,-10.965,1,0.375,0.328,0.13,0.1,0.562,135.128,audio_features,2Fxmhks0bxGSBdJ92vM42m,spotify:track:2Fxmhks0bxGSBdJ92vM42m,https://api.spotify.com/v1/tracks/2Fxmhks0bxGSBdJ92vM42m,https://api.spotify.com/v1/audio-analysis/2Fxmhks0bxGSBdJ92vM42m,194088,4
20,Good News,0.794,0.32,1,-12.92,0,0.173,0.853,0.134,0.112,0.241,174.088,audio_features,3ClBKQkKoaUQ6UOhe2xlJK,spotify:track:3ClBKQkKoaUQ6UOhe2xlJK,https://api.spotify.com/v1/tracks/3ClBKQkKoaUQ6UOhe2xlJK,https://api.spotify.com/v1/audio-analysis/3ClBKQkKoaUQ6UOhe2xlJK,342040,4
21,hot girl bummer,0.778,0.559,6,-7.109,0,0.0776,0.128,0.0,0.399,0.678,129.989,audio_features,7aiClxsDWFRQ0Kzk5KI5ku,spotify:track:7aiClxsDWFRQ0Kzk5KI5ku,https://api.spotify.com/v1/tracks/7aiClxsDWFRQ0Kzk5KI5ku,https://api.spotify.com/v1/audio-analysis/7aiClxsDWFRQ0Kzk5KI5ku,185093,1
22,BOP,0.769,0.787,11,-3.909,1,0.367,0.189,0.0,0.129,0.836,126.77,audio_features,6Ozh9Ok6h4Oi1wUSLtBseN,spotify:track:6Ozh9Ok6h4Oi1wUSLtBseN,https://api.spotify.com/v1/tracks/6Ozh9Ok6h4Oi1wUSLtBseN,https://api.spotify.com/v1/audio-analysis/6Ozh9Ok6h4Oi1wUSLtBseN,159715,4
23,Vete,0.886,0.672,1,-4.394,1,0.188,0.0363,8.78e-06,0.101,0.526,91.976,audio_features,5DxXgozhkPLgrbKFY91w0c,spotify:track:5DxXgozhkPLgrbKFY91w0c,https://api.spotify.com/v1/tracks/5DxXgozhkPLgrbKFY91w0c,https://api.spotify.com/v1/audio-analysis/5DxXgozhkPLgrbKFY91w0c,192024,4
24,Sigues Con El,0.883,0.668,9,-2.957,1,0.113,0.11,0.000529,0.0734,0.676,87.972,audio_features,7sQKy5vlPQllr0k9IjYJv3,spotify:track:7sQKy5vlPQllr0k9IjYJv3,https://api.spotify.com/v1/tracks/7sQKy5vlPQllr0k9IjYJv3,https://api.spotify.com/v1/audio-analysis/7sQKy5vlPQllr0k9IjYJv3,226533,4
25,You should be sad,0.591,0.585,2,-6.35,1,0.0277,0.143,0.0,0.109,0.324,110.94,audio_features,2usxQITOSDqvkYiI0oIwao,spotify:track:2usxQITOSDqvkYiI0oIwao,https://api.spotify.com/v1/tracks/2usxQITOSDqvkYiI0oIwao,https://api.spotify.com/v1/audio-analysis/2usxQITOSDqvkYiI0oIwao,205473,4
26,Before You Go,0.459,0.575,3,-4.858,1,0.0573,0.604,0.0,0.0885,0.183,111.881,audio_features,2gMXnyrvIjhVBUZwvLZDMP,spotify:track:2gMXnyrvIjhVBUZwvLZDMP,https://api.spotify.com/v1/tracks/2gMXnyrvIjhVBUZwvLZDMP,https://api.spotify.com/v1/audio-analysis/2gMXnyrvIjhVBUZwvLZDMP,215107,4
27,Ride It,0.88,0.751,7,-4.258,0,0.0874,0.177,6.43e-05,0.106,0.884,117.948,audio_features,2tnVG71enUj33Ic2nFN6kZ,spotify:track:2tnVG71enUj33Ic2nFN6kZ,https://api.spotify.com/v1/tracks/2tnVG71enUj33Ic2nFN6kZ,https://api.spotify.com/v1/audio-analysis/2tnVG71enUj33Ic2nFN6kZ,157606,4
28,Watermelon Sugar,0.548,0.816,0,-4.209,1,0.0465,0.122,0.0,0.335,0.557,95.39,audio_features,6UelLqGlWMcVH1E5c4H7lY,spotify:track:6UelLqGlWMcVH1E5c4H7lY,https://api.spotify.com/v1/tracks/6UelLqGlWMcVH1E5c4H7lY,https://api.spotify.com/v1/audio-analysis/6UelLqGlWMcVH1E5c4H7lY,174000,4
29,No Idea,0.656,0.614,6,-4.973,0,0.102,0.558,0.000862,0.215,0.35,128.038,audio_features,3VyjsVV24RmBIbWJAeUJNu,spotify:track:3VyjsVV24RmBIbWJAeUJNu,https://api.spotify.com/v1/tracks/3VyjsVV24RmBIbWJAeUJNu,https://api.spotify.com/v1/audio-analysis/3VyjsVV24RmBIbWJAeUJNu,153750,4
30,Suicidal,0.736,0.369,9,-9.682,0,0.0688,0.334,0.0,0.126,0.235,140.005,audio_features,1iSqfoUFnQwV0QW1EfUit8,spotify:track:1iSqfoUFnQwV0QW1EfUit8,https://api.spotify.com/v1/tracks/1iSqfoUFnQwV0QW1EfUit8,https://api.spotify.com/v1/audio-analysis/1iSqfoUFnQwV0QW1EfUit8,222997,4
31,HIGHEST IN THE ROOM,0.598,0.427,7,-8.764,0,0.0317,0.0546,5.83e-06,0.21,0.0605,76.469,audio_features,3eekarcy7kvN4yt5ZFzltW,spotify:track:3eekarcy7kvN4yt5ZFzltW,https://api.spotify.com/v1/tracks/3eekarcy7kvN4yt5ZFzltW,https://api.spotify.com/v1/audio-analysis/3eekarcy7kvN4yt5ZFzltW,175721,4
32,I Don't Care (with Justin Bieber),0.798,0.675,6,-5.041,1,0.0442,0.0912,0.0,0.0894,0.842,101.956,audio_features,0hVXuCcriWRGvwMV1r5Yn9,spotify:track:0hVXuCcriWRGvwMV1r5Yn9,https://api.spotify.com/v1/tracks/0hVXuCcriWRGvwMV1r5Yn9,https://api.spotify.com/v1/audio-analysis/0hVXuCcriWRGvwMV1r5Yn9,219947,4
33,Bandit (with YoungBoy Never Broke Again),0.474,0.631,5,-5.884,0,0.343,0.0687,0.0,0.132,0.425,180.051,audio_features,6Gg1gjgKi2AK4e0qzsR7sd,spotify:track:6Gg1gjgKi2AK4e0qzsR7sd,https://api.spotify.com/v1/tracks/6Gg1gjgKi2AK4e0qzsR7sd,https://api.spotify.com/v1/audio-analysis/6Gg1gjgKi2AK4e0qzsR7sd,189323,4
34,Fantasias,0.879,0.703,1,-4.219,1,0.0701,0.143,0.0,0.0569,0.788,94.004,audio_features,6mAN61JH0dzyZpWslS11jy,spotify:track:6mAN61JH0dzyZpWslS11jy,https://api.spotify.com/v1/tracks/6mAN61JH0dzyZpWslS11jy,https://api.spotify.com/v1/audio-analysis/6mAN61JH0dzyZpWslS11jy,199711,4
35,Futsal Shuffle 2020,0.881,0.457,7,-8.191,0,0.156,0.0327,0.0,0.231,0.296,136.97,audio_features,2Ec33AVlkTTq8BHFgBTdQs,spotify:track:2Ec33AVlkTTq8BHFgBTdQs,https://api.spotify.com/v1/tracks/2Ec33AVlkTTq8BHFgBTdQs,https://api.spotify.com/v1/audio-analysis/2Ec33AVlkTTq8BHFgBTdQs,198913,4
36,Lose Control,0.598,0.526,10,-8.659,0,0.0415,0.129,0.0,0.14,0.529,123.935,audio_features,7CHi4DtfK4heMlQaudCuHK,spotify:track:7CHi4DtfK4heMlQaudCuHK,https://api.spotify.com/v1/tracks/7CHi4DtfK4heMlQaudCuHK,https://api.spotify.com/v1/audio-analysis/7CHi4DtfK4heMlQaudCuHK,168387,4
37,Sunflower - Spider-Man: Into the Spider-Verse,0.755,0.522,2,-4.368,1,0.0575,0.533,0.0,0.0685,0.925,89.96,audio_features,0RiRZpuVRbi7oqRdSMwhQY,spotify:track:0RiRZpuVRbi7oqRdSMwhQY,https://api.spotify.com/v1/tracks/0RiRZpuVRbi7oqRdSMwhQY,https://api.spotify.com/v1/audio-analysis/0RiRZpuVRbi7oqRdSMwhQY,157560,4
38,China,0.786,0.808,7,-3.702,1,0.0882,0.0846,0.000289,0.0822,0.609,105.027,audio_features,2ksOAxtIxY8yElEWw8RhgK,spotify:track:2ksOAxtIxY8yElEWw8RhgK,https://api.spotify.com/v1/tracks/2ksOAxtIxY8yElEWw8RhgK,https://api.spotify.com/v1/audio-analysis/2ksOAxtIxY8yElEWw8RhgK,301714,4
39,Ayy Macarena,0.816,0.63,2,-5.568,1,0.226,0.133,0.0,0.0692,0.715,96.493,audio_features,6LcauUZjF1eXQrgqMUecHX,spotify:track:6LcauUZjF1eXQrgqMUecHX,https://api.spotify.com/v1/tracks/6LcauUZjF1eXQrgqMUecHX,https://api.spotify.com/v1/audio-analysis/6LcauUZjF1eXQrgqMUecHX,131607,4
40,Heartless,0.531,0.75,10,-5.831,0,0.111,0.00632,7.6e-05,0.117,0.198,169.954,audio_features,57vxBYXtHMk6H1aD29V7PU,spotify:track:57vxBYXtHMk6H1aD29V7PU,https://api.spotify.com/v1/tracks/57vxBYXtHMk6H1aD29V7PU,https://api.spotify.com/v1/audio-analysis/57vxBYXtHMk6H1aD29V7PU,200080,4
41,Ballin' (with Roddy Ricch),0.809,0.545,7,-6.678,1,0.0735,0.392,0.0,0.151,0.244,97.008,audio_features,3QzAOrNlsabgbMwlZt7TAY,spotify:track:3QzAOrNlsabgbMwlZt7TAY,https://api.spotify.com/v1/tracks/3QzAOrNlsabgbMwlZt7TAY,https://api.spotify.com/v1/audio-analysis/3QzAOrNlsabgbMwlZt7TAY,180435,4
42,Hola - Remix,0.654,0.672,0,-5.98,0,0.311,0.471,0.0,0.0781,0.343,181.857,audio_features,5stPVcRqb4qixbafP9e8lt,spotify:track:5stPVcRqb4qixbafP9e8lt,https://api.spotify.com/v1/tracks/5stPVcRqb4qixbafP9e8lt,https://api.spotify.com/v1/audio-analysis/5stPVcRqb4qixbafP9e8lt,249520,4
43,SUGAR,0.453,0.538,1,-8.212,1,0.0638,0.449,0.0,0.19,0.516,122.973,audio_features,6U0FIYXCQ3TGrk4tFpLrEA,spotify:track:6U0FIYXCQ3TGrk4tFpLrEA,https://api.spotify.com/v1/tracks/6U0FIYXCQ3TGrk4tFpLrEA,https://api.spotify.com/v1/audio-analysis/6U0FIYXCQ3TGrk4tFpLrEA,204533,4
44,Say So,0.787,0.673,11,-4.577,0,0.158,0.256,3.57e-06,0.0904,0.786,110.962,audio_features,3Dv1eDb0MEgF93GpLXlucZ,spotify:track:3Dv1eDb0MEgF93GpLXlucZ,https://api.spotify.com/v1/tracks/3Dv1eDb0MEgF93GpLXlucZ,https://api.spotify.com/v1/audio-analysis/3Dv1eDb0MEgF93GpLXlucZ,237893,4
45,Beautiful People (feat. Khalid),0.64,0.648,5,-8.113,0,0.187,0.124,0.0,0.0802,0.548,92.977,audio_features,70eFcWOvlMObDhURTqT4Fv,spotify:track:70eFcWOvlMObDhURTqT4Fv,https://api.spotify.com/v1/tracks/70eFcWOvlMObDhURTqT4Fv,https://api.spotify.com/v1/audio-analysis/70eFcWOvlMObDhURTqT4Fv,197867,4
46,How Do You Sleep?,0.477,0.682,1,-4.931,0,0.0925,0.153,0.0,0.0763,0.345,110.567,audio_features,6b2RcmUt1g9N9mQ3CbjX2Y,spotify:track:6b2RcmUt1g9N9mQ3CbjX2Y,https://api.spotify.com/v1/tracks/6b2RcmUt1g9N9mQ3CbjX2Y,https://api.spotify.com/v1/audio-analysis/6b2RcmUt1g9N9mQ3CbjX2Y,202205,5
47,Lucid Dreams,0.511,0.566,6,-7.23,0,0.2,0.349,0.0,0.34,0.218,83.903,audio_features,285pBltuF7vW8TeWk8hdRR,spotify:track:285pBltuF7vW8TeWk8hdRR,https://api.spotify.com/v1/tracks/285pBltuF7vW8TeWk8hdRR,https://api.spotify.com/v1/audio-analysis/285pBltuF7vW8TeWk8hdRR,239836,4
48,HIGHEST IN THE ROOM (feat. ROSALÍA & Lil Baby) - REMIX,0.559,0.491,2,-6.406,0,0.0346,0.0567,0.0,0.0992,0.114,153.131,audio_features,7h0d2h0fUmzbs7zeFigJPn,spotify:track:7h0d2h0fUmzbs7zeFigJPn,https://api.spotify.com/v1/tracks/7h0d2h0fUmzbs7zeFigJPn,https://api.spotify.com/v1/audio-analysis/7h0d2h0fUmzbs7zeFigJPn,244874,4
49,South of the Border (feat. Camila Cabello & Cardi B),0.857,0.621,9,-6.376,0,0.0824,0.148,0.0,0.0865,0.668,97.986,audio_features,4vUmTMuQqjdnvlZmAH61Qk,spotify:track:4vUmTMuQqjdnvlZmAH61Qk,https://api.spotify.com/v1/tracks/4vUmTMuQqjdnvlZmAH61Qk,https://api.spotify.com/v1/audio-analysis/4vUmTMuQqjdnvlZmAH61Qk,204467,4
