,Song Name,Danceability,Energy,Key,Loudness,Mode,Speechiness,Acousticness,Instramentalness,Liveness,Valence,Tempo,Type,ID,URI,Track Href,Analysis URL,Duration (ms),Time Signature
0,The Box,0.896,0.586,10,-6.687,0,0.0559,0.104,0.0,0.79,0.642,116.971,audio_features,0nbXyq5TXYPCO7pr3N8S4I,spotify:track:0nbXyq5TXYPCO7pr3N8S4I,https://api.spotify.com/v1/tracks/0nbXyq5TXYPCO7pr3N8S4I,https://api.spotify.com/v1/audio-analysis/0nbXyq5TXYPCO7pr3N8S4I,196653,4
1,Life Is Good (feat. Drake),0.676,0.609,2,-5.831,0,0.481,0.0706,0.0,0.152,0.508,142.037,audio_features,5yY9lUy8nbvjM1Uyo1Uqoc,spotify:track:5yY9lUy8nbvjM1Uyo1Uqoc,https://api.spotify.com/v1/tracks/5yY9lUy8nbvjM1Uyo1Uqoc,https://api.spotify.com/v1/audio-analysis/5yY9lUy8nbvjM1Uyo1Uqoc,237735,4
2,ROXANNE,0.621,0.601,6,-5.616,0,0.148,0.0522,0.0,0.46,0.457,116.735,audio_features,696DnlkuDOXcMAnKlTgXXK,spotify:track:696DnlkuDOXcMAnKlTgXXK,https://api.spotify.com/v1/tracks/696DnlkuDOXcMAnKlTgXXK,https://api.spotify.com/v1/audio-analysis/696DnlkuDOXcMAnKlTgXXK,163636,5
3,BOP,0.769,0.787,11,-3.909,1,0.367,0.189,0.0,0.129,0.836,126.77,audio_features,6Ozh9Ok6h4Oi1wUSLtBseN,spotify:track:6Ozh9Ok6h4Oi1wUSLtBseN,https://api.spotify.com/v1/tracks/6Ozh9Ok6h4Oi1wUSLtBseN,https://api.spotify.com/v1/audio-analysis/6Ozh9Ok6h4Oi1wUSLtBseN,159715,4
4,Good News,0.794,0.32,1,-12.92,0,0.173,0.853,0.134,0.112,0.241,174.088,audio_features,3ClBKQkKoaUQ6UOhe2xlJK,spotify:track:3ClBKQkKoaUQ6UOhe2xlJK,https://api.spotify.com/v1/tracks/3ClBKQkKoaUQ6UOhe2xlJK,https://api.spotify.com/v1/audio-analysis/3ClBKQkKoaUQ6UOhe2xlJK,342040,4
5,Circles,0.695,0.762,0,-3.497,1,0.0395,0.192,0.00244,0.0863,0.553,120.042,audio_features,21jGcNKet2qwijlDFuPiPb,spotify:track:21jGcNKet2qwijlDFuPiPb,https://api.spotify.com/v1/tracks/21jGcNKet2qwijlDFuPiPb,https://api.spotify.com/v1/audio-analysis/21jGcNKet2qwijlDFuPiPb,215280,4
6,Suicidal,0.736,0.369,9,-9.682,0,0.0688,0.334,0.0,0.126,0.235,140.005,audio_features,1iSqfoUFnQwV0QW1EfUit8,spotify:track:1iSqfoUFnQwV0QW1EfUit8,https://api.spotify.com/v1/tracks/1iSqfoUFnQwV0QW1EfUit8,https://api.spotify.com/v1/audio-analysis/1iSqfoUFnQwV0QW1EfUit8,222997,4
7,Yummy,0.662,0.519,9,-6.554,0,0.106,0.404,0.0,0.121,0.495,145.841,audio_features,41L3O37CECZt3N7ziG2z7l,spotify:track:41L3O37CECZt3N7ziG2z7l,https://api.spotify.com/v1/tracks/41L3O37CECZt3N7ziG2z7l,https://api.spotify.com/v1/audio-analysis/41L3O37CECZt3N7ziG2z7l,210427,4
8,Futsal Shuffle 2020,0.881,0.457,7,-8.191,0,0.156,0.0327,0.0,0.231,0.296,136.97,audio_features,2Ec33AVlkTTq8BHFgBTdQs,spotify:track:2Ec33AVlkTTq8BHFgBTdQs,https://api.spotify.com/v1/tracks/2Ec33AVlkTTq8BHFgBTdQs,https://api.spotify.com/v1/audio-analysis/2Ec33AVlkTTq8BHFgBTdQs,198913,4
9,Bandit (with YoungBoy Never Broke Again),0.474,0.631,5,-5.884,0,0.343,0.0687,0.0,0.132,0.425,180.051,audio_features,6Gg1gjgKi2AK4e0qzsR7sd,spotify:track:6Gg1gjgKi2AK4e0qzsR7sd,https://api.spotify.com/v1/tracks/6Gg1gjgKi2AK4e0qzsR7sd,https://api.spotify.com/v1/audio-analysis/6Gg1gjgKi2AK4e0qzsR7sd,189323,4
10,Falling,0.784,0.43,10,-8.756,0,0.0364,0.123,0.0,0.0887,0.236,127.087,audio_features,4TnjEaWOeW0eKTKIEvJyCa,spotify:track:4TnjEaWOeW0eKTKIEvJyCa,https://api.spotify.com/v1/tracks/4TnjEaWOeW0eKTKIEvJyCa,https://api.spotify.com/v1/audio-analysis/4TnjEaWOeW0eKTKIEvJyCa,159382,4
11,Dance Monkey,0.824,0.588,6,-6.4,0,0.0924,0.692,0.000104,0.149,0.513,98.027,audio_features,2XU0oxnq2qxCpomAAuJY8K,spotify:track:2XU0oxnq2qxCpomAAuJY8K,https://api.spotify.com/v1/tracks/2XU0oxnq2qxCpomAAuJY8K,https://api.spotify.com/v1/audio-analysis/2XU0oxnq2qxCpomAAuJY8K,209438,4
12,Ballin' (with Roddy Ricch),0.809,0.545,7,-6.678,1,0.0735,0.392,0.0,0.151,0.244,97.008,audio_features,3QzAOrNlsabgbMwlZt7TAY,spotify:track:3QzAOrNlsabgbMwlZt7TAY,https://api.spotify.com/v1/tracks/3QzAOrNlsabgbMwlZt7TAY,https://api.spotify.com/v1/audio-analysis/3QzAOrNlsabgbMwlZt7TAY,180435,4
13,Rare,0.838,0.545,5,-6.713,1,0.0706,0.208,8.01e-05,0.103,0.631,114.998,audio_features,7HMmFQsKsljwTw8bS7lu19,spotify:track:7HMmFQsKsljwTw8bS7lu19,https://api.spotify.com/v1/tracks/7HMmFQsKsljwTw8bS7lu19,https://api.spotify.com/v1/audio-analysis/7HMmFQsKsljwTw8bS7lu19,220590,4
14,Blinding Lights,0.513,0.796,1,-4.075,1,0.0629,0.00147,0.000209,0.0938,0.345,171.017,audio_features,0sf12qNH5qcw8qpgymFOqD,spotify:track:0sf12qNH5qcw8qpgymFOqD,https://api.spotify.com/v1/tracks/0sf12qNH5qcw8qpgymFOqD,https://api.spotify.com/v1/audio-analysis/0sf12qNH5qcw8qpgymFOqD,201573,4
15,everything i wanted,0.704,0.225,6,-14.454,0,0.0994,0.902,0.657,0.106,0.243,120.006,audio_features,3ZCTVFBt2Brf31RLEnCkWJ,spotify:track:3ZCTVFBt2Brf31RLEnCkWJ,https://api.spotify.com/v1/tracks/3ZCTVFBt2Brf31RLEnCkWJ,https://api.spotify.com/v1/audio-analysis/3ZCTVFBt2Brf31RLEnCkWJ,245426,4
16,You should be sad,0.591,0.585,2,-6.35,1,0.0277,0.143,0.0,0.109,0.324,110.94,audio_features,2usxQITOSDqvkYiI0oIwao,spotify:track:2usxQITOSDqvkYiI0oIwao,https://api.spotify.com/v1/tracks/2usxQITOSDqvkYiI0oIwao,https://api.spotify.com/v1/audio-analysis/2usxQITOSDqvkYiI0oIwao,205473,4
17,TOES (feat. Lil Baby & Moneybagg Yo),0.816,0.582,8,-4.141,1,0.341,0.0794,5.84e-06,0.0916,0.542,160.004,audio_features,2FvD20Z8aoWIePi7PoN8sG,spotify:track:2FvD20Z8aoWIePi7PoN8sG,https://api.spotify.com/v1/tracks/2FvD20Z8aoWIePi7PoN8sG,https://api.spotify.com/v1/audio-analysis/2FvD20Z8aoWIePi7PoN8sG,136366,4
18,Don't Start Now,0.794,0.793,11,-4.521,0,0.0842,0.0125,0.0,0.0952,0.677,123.941,audio_features,6WrI0LAC5M1Rw2MnX2ZvEg,spotify:track:6WrI0LAC5M1Rw2MnX2ZvEg,https://api.spotify.com/v1/tracks/6WrI0LAC5M1Rw2MnX2ZvEg,https://api.spotify.com/v1/audio-analysis/6WrI0LAC5M1Rw2MnX2ZvEg,183290,4
19,Adore You,0.676,0.771,8,-3.675,1,0.0483,0.0237,7e-06,0.102,0.569,99.048,audio_features,3jjujdWJ72nww5eGnfs2E7,spotify:track:3jjujdWJ72nww5eGnfs2E7,https://api.spotify.com/v1/tracks/3jjujdWJ72nww5eGnfs2E7,https://api.spotify.com/v1/audio-analysis/3jjujdWJ72nww5eGnfs2E7,207133,4
20,Sum 2 Prove,0.823,0.552,4,-7.57,0,0.324,0.0174,0.0,0.122,0.418,124.038,audio_features,2u3EyuCqqV31woqGvO9LBz,spotify:track:2u3EyuCqqV31woqGvO9LBz,https://api.spotify.com/v1/tracks/2u3EyuCqqV31woqGvO9LBz,https://api.spotify.com/v1/audio-analysis/2u3EyuCqqV31woqGvO9LBz,205760,4
21,Lose You To Love Me,0.488,0.343,4,-8.985,1,0.0436,0.556,0.0,0.21,0.0978,102.819,audio_features,4l0Mvzj72xxOpRrp6h8nHi,spotify:track:4l0Mvzj72xxOpRrp6h8nHi,https://api.spotify.com/v1/tracks/4l0Mvzj72xxOpRrp6h8nHi,https://api.spotify.com/v1/audio-analysis/4l0Mvzj72xxOpRrp6h8nHi,206459,4
22,SUGAR,0.453,0.538,1,-8.212,1,0.0638,0.449,0.0,0.19,0.516,122.973,audio_features,6U0FIYXCQ3TGrk4tFpLrEA,spotify:track:6U0FIYXCQ3TGrk4tFpLrEA,https://api.spotify.com/v1/tracks/6U0FIYXCQ3TGrk4tFpLrEA,https://api.spotify.com/v1/audio-analysis/6U0FIYXCQ3TGrk4tFpLrEA,204533,4
23,VIBEZ,0.768,0.652,1,-2.708,0,0.307,0.113,0.0,0.107,0.777,154.187,audio_features,0fySG6A6qLE8IvDpayb5bM,spotify:track:0fySG6A6qLE8IvDpayb5bM,https://api.spotify.com/v1/tracks/0fySG6A6qLE8IvDpayb5bM,https://api.spotify.com/v1/audio-analysis/0fySG6A6qLE8IvDpayb5bM,144935,4
24,Woah,0.882,0.602,11,-5.554,1,0.245,0.0177,0.0,0.178,0.43,142.959,audio_features,598yNsG1JFrGd4n2kMoz7F,spotify:track:598yNsG1JFrGd4n2kMoz7F,https://api.spotify.com/v1/tracks/598yNsG1JFrGd4n2kMoz7F,https://api.spotify.com/v1/audio-analysis/598yNsG1JFrGd4n2kMoz7F,183011,4
25,hot girl bummer,0.778,0.559,6,-7.109,0,0.0776,0.128,0.0,0.399,0.678,129.989,audio_features,7aiClxsDWFRQ0Kzk5KI5ku,spotify:track:7aiClxsDWFRQ0Kzk5KI5ku,https://api.spotify.com/v1/tracks/7aiClxsDWFRQ0Kzk5KI5ku,https://api.spotify.com/v1/audio-analysis/7aiClxsDWFRQ0Kzk5KI5ku,185093,1
26,My Oh My (feat. DaBaby),0.724,0.491,8,-6.024,1,0.0296,0.018,1.29e-05,0.0887,0.383,105.046,audio_features,3yOlyBJuViE2YSGn3nVE1K,spotify:track:3yOlyBJuViE2YSGn3nVE1K,https://api.spotify.com/v1/tracks/3yOlyBJuViE2YSGn3nVE1K,https://api.spotify.com/v1/audio-analysis/3yOlyBJuViE2YSGn3nVE1K,170746,4
27,No Idea,0.656,0.614,6,-4.973,0,0.102,0.558,0.000862,0.215,0.35,128.038,audio_features,3VyjsVV24RmBIbWJAeUJNu,spotify:track:3VyjsVV24RmBIbWJAeUJNu,https://api.spotify.com/v1/tracks/3VyjsVV24RmBIbWJAeUJNu,https://api.spotify.com/v1/audio-analysis/3VyjsVV24RmBIbWJAeUJNu,153750,4
28,Say So,0.787,0.673,11,-4.577,0,0.158,0.256,3.57e-06,0.0904,0.786,110.962,audio_features,3Dv1eDb0MEgF93GpLXlucZ,spotify:track:3Dv1eDb0MEgF93GpLXlucZ,https://api.spotify.com/v1/tracks/3Dv1eDb0MEgF93GpLXlucZ,https://api.spotify.com/v1/audio-analysis/3Dv1eDb0MEgF93GpLXlucZ,237893,4
29,High Fashion (feat. Mustard),0.831,0.499,11,-8.442,0,0.114,0.269,0.0,0.3,0.511,97.956,audio_features,07KXEDMj78x68D884wgVEm,spotify:track:07KXEDMj78x68D884wgVEm,https://api.spotify.com/v1/tracks/07KXEDMj78x68D884wgVEm,https://api.spotify.com/v1/audio-analysis/07KXEDMj78x68D884wgVEm,220487,4
30,Heartless,0.531,0.75,10,-5.831,0,0.111,0.00632,7.6e-05,0.117,0.198,169.954,audio_features,57vxBYXtHMk6H1aD29V7PU,spotify:track:57vxBYXtHMk6H1aD29V7PU,https://api.spotify.com/v1/tracks/57vxBYXtHMk6H1aD29V7PU,https://api.spotify.com/v1/audio-analysis/57vxBYXtHMk6H1aD29V7PU,200080,4
31,OUT WEST (feat. Young Thug),0.802,0.591,8,-4.895,1,0.225,0.0104,0.0,0.196,0.309,139.864,audio_features,6gi6y1xwmVszDWkUqab1qw,spotify:track:6gi6y1xwmVszDWkUqab1qw,https://api.spotify.com/v1/tracks/6gi6y1xwmVszDWkUqab1qw,https://api.spotify.com/v1/audio-analysis/6gi6y1xwmVszDWkUqab1qw,157712,4
32,HIGHEST IN THE ROOM,0.598,0.427,7,-8.764,0,0.0317,0.0546,5.83e-06,0.21,0.0605,76.469,audio_features,3eekarcy7kvN4yt5ZFzltW,spotify:track:3eekarcy7kvN4yt5ZFzltW,https://api.spotify.com/v1/tracks/3eekarcy7kvN4yt5ZFzltW,https://api.spotify.com/v1/audio-analysis/3eekarcy7kvN4yt5ZFzltW,175721,4
33,Watermelon Sugar,0.548,0.816,0,-4.209,1,0.0465,0.122,0.0,0.335,0.557,95.39,audio_features,6UelLqGlWMcVH1E5c4H7lY,spotify:track:6UelLqGlWMcVH1E5c4H7lY,https://api.spotify.com/v1/tracks/6UelLqGlWMcVH1E5c4H7lY,https://api.spotify.com/v1/audio-analysis/6UelLqGlWMcVH1E5c4H7lY,174000,4
34,Someone You Loved,0.501,0.405,1,-5.679,1,0.0319,0.751,0.0,0.105,0.446,109.891,audio_features,7qEHsqek33rTcFNT9PFqLf,spotify:track:7qEHsqek33rTcFNT9PFqLf,https://api.spotify.com/v1/tracks/7qEHsqek33rTcFNT9PFqLf,https://api.spotify.com/v1/audio-analysis/7qEHsqek33rTcFNT9PFqLf,182161,4
35,Sunflower - Spider-Man: Into the Spider-Verse,0.755,0.522,2,-4.368,1,0.0575,0.533,0.0,0.0685,0.925,89.96,audio_features,0RiRZpuVRbi7oqRdSMwhQY,spotify:track:0RiRZpuVRbi7oqRdSMwhQY,https://api.spotify.com/v1/tracks/0RiRZpuVRbi7oqRdSMwhQY,https://api.spotify.com/v1/audio-analysis/0RiRZpuVRbi7oqRdSMwhQY,157560,4
36,Memories,0.764,0.32,11,-7.209,1,0.0546,0.837,0.0,0.0822,0.575,91.019,audio_features,2b8fOow8UzyDFAE27YhOZM,spotify:track:2b8fOow8UzyDFAE27YhOZM,https://api.spotify.com/v1/tracks/2b8fOow8UzyDFAE27YhOZM,https://api.spotify.com/v1/audio-analysis/2b8fOow8UzyDFAE27YhOZM,189486,4
37,Lucid Dreams,0.511,0.566,6,-7.23,0,0.2,0.349,0.0,0.34,0.218,83.903,audio_features,285pBltuF7vW8TeWk8hdRR,spotify:track:285pBltuF7vW8TeWk8hdRR,https://api.spotify.com/v1/tracks/285pBltuF7vW8TeWk8hdRR,https://api.spotify.com/v1/audio-analysis/285pBltuF7vW8TeWk8hdRR,239836,4
38,Suge,0.876,0.662,2,-6.482,0,0.426,0.0608,0.0,0.127,0.844,75.445,audio_features,2gwkD6igEhQbDQegRCcdoB,spotify:track:2gwkD6igEhQbDQegRCcdoB,https://api.spotify.com/v1/tracks/2gwkD6igEhQbDQegRCcdoB,https://api.spotify.com/v1/audio-analysis/2gwkD6igEhQbDQegRCcdoB,163320,4
39,HIGHEST IN THE ROOM (feat. ROSALÍA & Lil Baby) - REMIX,0.559,0.491,2,-6.406,0,0.0346,0.0567,0.0,0.0992,0.114,153.131,audio_features,7h0d2h0fUmzbs7zeFigJPn,spotify:track:7h0d2h0fUmzbs7zeFigJPn,https://api.spotify.com/v1/tracks/7h0d2h0fUmzbs7zeFigJPn,https://api.spotify.com/v1/audio-analysis/7h0d2h0fUmzbs7zeFigJPn,244874,4
40,Eleven,0.701,0.396,4,-10.182,0,0.119,0.112,0.0209,0.223,0.115,129.004,audio_features,1ToprX3cpBiXoAe5eNSk74,spotify:track:1ToprX3cpBiXoAe5eNSk74,https://api.spotify.com/v1/tracks/1ToprX3cpBiXoAe5eNSk74,https://api.spotify.com/v1/audio-analysis/1ToprX3cpBiXoAe5eNSk74,206361,4
41,Robbery,0.685,0.692,2,-5.122,1,0.0457,0.328,0.0,0.153,0.578,159.966,audio_features,6Hj9jySrnFppAI0sEMCZpJ,spotify:track:6Hj9jySrnFppAI0sEMCZpJ,https://api.spotify.com/v1/tracks/6Hj9jySrnFppAI0sEMCZpJ,https://api.spotify.com/v1/audio-analysis/6Hj9jySrnFppAI0sEMCZpJ,240051,5
42,bad guy,0.701,0.425,7,-10.965,1,0.375,0.328,0.13,0.1,0.562,135.128,audio_features,2Fxmhks0bxGSBdJ92vM42m,spotify:track:2Fxmhks0bxGSBdJ92vM42m,https://api.spotify.com/v1/tracks/2Fxmhks0bxGSBdJ92vM42m,https://api.spotify.com/v1/audio-analysis/2Fxmhks0bxGSBdJ92vM42m,194088,4
43,Tusa,0.803,0.715,2,-3.28,1,0.298,0.295,0.000134,0.0574,0.574,101.085,audio_features,7k4t7uLgtOxPwTpFmtJNTY,spotify:track:7k4t7uLgtOxPwTpFmtJNTY,https://api.spotify.com/v1/tracks/7k4t7uLgtOxPwTpFmtJNTY,https://api.spotify.com/v1/audio-analysis/7k4t7uLgtOxPwTpFmtJNTY,200960,4
44,Hot (Remix) [feat. Gunna and Travis Scott],0.845,0.631,7,-8.206,0,0.216,0.188,0.0,0.0806,0.545,111.983,audio_features,4ea9w8c4ROqiZpJVhfBA3m,spotify:track:4ea9w8c4ROqiZpJVhfBA3m,https://api.spotify.com/v1/tracks/4ea9w8c4ROqiZpJVhfBA3m,https://api.spotify.com/v1/audio-analysis/4ea9w8c4ROqiZpJVhfBA3m,279907,4
45,Ransom,0.745,0.642,7,-6.257,0,0.287,0.0204,0.0,0.0658,0.226,179.974,audio_features,1lOe9qE0vR9zwWQAOk6CoO,spotify:track:1lOe9qE0vR9zwWQAOk6CoO,https://api.spotify.com/v1/tracks/1lOe9qE0vR9zwWQAOk6CoO,https://api.spotify.com/v1/audio-analysis/1lOe9qE0vR9zwWQAOk6CoO,131240,4
46,223's (feat. 9lokknine),0.932,0.547,0,-7.787,0,0.333,0.0388,0.0,0.0924,0.695,94.998,audio_features,29ZXwWOOLz9t5fa3eT3i7T,spotify:track:29ZXwWOOLz9t5fa3eT3i7T,https://api.spotify.com/v1/tracks/29ZXwWOOLz9t5fa3eT3i7T,https://api.spotify.com/v1/audio-analysis/29ZXwWOOLz9t5fa3eT3i7T,176640,4
47,Tip Toe (feat. A Boogie Wit da Hoodie),0.757,0.673,1,-8.513,1,0.141,0.095,0.0,0.338,0.574,92.958,audio_features,6ztvsy3C6hPjVg9j4x1XKJ,spotify:track:6ztvsy3C6hPjVg9j4x1XKJ,https://api.spotify.com/v1/tracks/6ztvsy3C6hPjVg9j4x1XKJ,https://api.spotify.com/v1/audio-analysis/6ztvsy3C6hPjVg9j4x1XKJ,185806,3
48,Start Wit Me (feat. Gunna),0.886,0.479,4,-8.054,0,0.334,0.077,0.0,0.135,0.408,130.029,audio_features,7A20WnLkjtZU2d7hIB6Ziu,spotify:track:7A20WnLkjtZU2d7hIB6Ziu,https://api.spotify.com/v1/tracks/7A20WnLkjtZU2d7hIB6Ziu,https://api.spotify.com/v1/audio-analysis/7A20WnLkjtZU2d7hIB6Ziu,158692,4
49,Money In The Grave (Drake ft. Rick Ross),0.831,0.502,10,-4.045,0,0.046,0.101,0.0,0.122,0.101,100.541,audio_features,5ry2OE6R2zPQFDO85XkgRb,spotify:track:5ry2OE6R2zPQFDO85XkgRb,https://api.spotify.com/v1/tracks/5ry2OE6R2zPQFDO85XkgRb,https://api.spotify.com/v1/audio-analysis/5ry2OE6R2zPQFDO85XkgRb,205427,4
